{"cameraMode":{"drawMode":0,"name":"Shaded","section":"Shading Mode"},"sceneLighting":true,"audioPlay":false,"sceneViewState":{"m_AlwaysRefresh":false,"showFog":true,"showSkybox":true,"showFlares":true,"showImageEffects":true,"showParticleSystems":true,"showVisualEffectGraphs":true,"m_FxEnabled":true},"in2DMode":false,"pivot":{"x":-30.781394958496095,"y":158.71328735351563,"z":-63.501251220703128},"rotation":{"x":0.6761171221733093,"y":-0.19765566289424897,"z":0.19588559865951539,"w":0.6822301149368286},"size":43.02595901489258,"orthographic":true}