{"cameraMode":{"drawMode":0,"name":"Shaded","section":"Shading Mode"},"sceneLighting":true,"audioPlay":false,"sceneViewState":{"m_AlwaysRefresh":false,"showFog":true,"showSkybox":true,"showFlares":true,"showImageEffects":true,"showParticleSystems":true,"showVisualEffectGraphs":true,"m_FxEnabled":true},"in2DMode":false,"pivot":{"x":6.364450454711914,"y":13.04779052734375,"z":-2.222722291946411},"rotation":{"x":0.6888482570648193,"y":-0.0010874072322621942,"z":0.0010332397650927306,"w":0.7249064445495606},"size":56.96949768066406,"orthographic":true}